date,signal,entry_price,exit_price,days_held,premium,commission,slippage,pnl,cum_pnl,pnl_scaled,cum_pnl_scaled
2023-01-30,Sell,17901.983877004248,17890.69506197992,1,537.0595163101274,35.8039677540085,17.90198387700425,472.0647496547876,472.0647496547876,0.016425440202094906,0.016425440202094906
2023-01-31,Buy,17890.69506197992,17743.611377291763,5,536.7208518593976,35.781390123959845,17.890695061979923,-443.30925235717984,28.755497297607747,-0.01542489588759407,0.0010005443145008359
2023-02-06,Sell,17801.16105616288,17743.611377291763,1,534.0348316848864,35.60232211232576,17.80116105616288,423.0816696452807,451.8371669428885,0.014721079407947594,0.01572162372244843
2023-02-07,Buy,17743.611377291763,17780.30823483742,5,532.3083413187529,35.48722275458353,17.743611377291764,-548.8423179049724,-97.00515096208397,-0.019096907108018077,-0.0033752833855696454
2023-02-10,Buy,17717.779656223443,17767.875072757888,5,531.5333896867032,35.43555931244689,17.717779656223446,-534.5913121209289,-631.5964630830128,-0.01860104495458109,-0.021976328340150734
2023-02-13,Sell,17687.694325611974,17780.30823483742,1,530.6308297683591,35.37538865122395,17.687694325611975,384.953837566078,-246.64262551693486,0.013394425752256425,-0.008581902587894309
2023-02-14,Buy,17780.30823483742,17717.276070009575,5,533.4092470451226,35.56061646967484,17.78030823483742,-523.7180069217908,-770.3606324387256,-0.018222709515474108,-0.026804612103368416
2023-02-15,Buy,17779.633373600525,17619.292563815587,5,533.3890012080158,35.55926674720105,17.779633373600525,-426.38709154387857,-1196.7477239826042,-0.014836091193466037,-0.041640703296834454
2023-02-16,Sell,17726.74782715273,17767.875072757888,1,531.8024348145818,35.453495654305456,17.726747827152728,437.49494572796436,-759.2527782546398,0.015222587738288997,-0.02641811555854546
2023-02-17,Sell,17767.875072757888,17706.83289025934,1,533.0362521827366,35.53575014551578,17.76787507275789,418.6904444659133,-340.5623337887265,0.014568287218633779,-0.01184982833991168
2023-02-20,Sell,17706.83289025934,17717.276070009575,1,531.2049867077801,35.41366578051868,17.70683289025934,467.6413082867655,127.07897449803897,0.016271527054097616,0.004421698714185936
2023-02-22,Buy,17619.292563815587,17602.435652103977,5,528.5787769144675,35.238585127631175,17.619292563815588,-564.5797428943049,-437.5007683962659,-0.0196444890515677,-0.015222790337381763
2023-02-23,Sell,17552.883261370665,17562.726323164123,1,526.5864978411199,35.105766522741334,17.552883261370667,464.08478626355065,26.58401786728473,0.016147778267808305,0.0009249879304265417
2023-02-27,Buy,17599.64965216389,17477.462157386406,5,527.9894895649168,35.19929930432778,17.59964965216389,-458.6009437439235,-432.01692587663877,-0.015956968580260755,-0.015031980649834213
2023-03-01,Buy,17602.435652103977,17507.286330149363,5,528.0730695631192,35.204871304207956,17.602435652103978,-485.73105456481744,-917.7479804414562,-0.01690095775397194,-0.031932938403806156
2023-03-02,Sell,17587.380467324514,17513.45436780614,1,527.6214140197354,35.17476093464903,17.587380467324515,400.93317309938965,-516.8148073420666,0.013950424946145736,-0.017982513457660422
2023-03-06,Sell,17477.462157386406,17454.430218838417,1,524.3238647215921,34.95492431477281,17.477462157386405,448.8595397014441,-67.95526764062254,0.015618017515388402,-0.0023644959422720203
2023-03-10,Buy,17436.31523685965,17481.553011860116,5,523.0894571057895,34.8726304737193,17.43631523685965,-530.1606278159013,-598.1158954565238,-0.01844687978940023,-0.02081137573167225
2023-03-13,Sell,17452.51943532939,17433.265321308572,1,523.5755830598816,34.90503887065878,17.45251943532939,451.96391073307757,-146.15198472344628,0.015726033758462047,-0.0050853419732102036
2023-03-14,Sell,17433.265321308572,17399.419221293276,1,522.9979596392571,34.86653064261714,17.43326532130857,436.8520636600349,290.7000789365886,0.015200218728589593,0.01011487675537939
2023-03-15,Sell,17399.419221293276,17430.00303573532,1,521.9825766387983,34.79883844258655,17.399419221293275,439.2005045328735,729.9005834694622,0.01528193246627743,0.025396809221656817
2023-03-16,Sell,17430.00303573532,17481.553011860116,1,522.9000910720596,34.86000607147064,17.43000303573532,419.060105840058,1148.9606893095201,0.014581149544830509,0.039977958766487326
2023-03-20,Sell,17528.117017815926,17486.156141654796,1,525.8435105344778,35.05623403563185,17.528117017815926,431.29828331989927,1580.2589726294195,0.015006975562394324,0.05498493432888165
2023-03-21,Buy,17486.156141654796,17502.794290063073,5,524.5846842496438,34.97231228330959,17.486156141654796,-560.4050042663306,1019.8539683630889,-0.019499229487613148,0.035485704841268506
2023-03-22,Buy,17470.695522862236,17447.477541362772,5,524.1208656858671,34.94139104572447,17.470695522862236,-553.3149707549904,466.5389976080985,-0.0192525325640311,0.016233172277237407
2023-03-23,Buy,17487.258694432414,17387.66721015874,5,524.6177608329724,34.974517388864825,17.487258694432413,-477.4880526425949,-10.949055034496382,-0.016614143423399216,-0.00038097114616180913
2023-03-29,Sell,17447.477541362772,17387.66721015874,1,523.4243262408831,34.894955082725545,17.447477541362773,411.2715624127618,400.3225073782654,0.014310148046794433,0.013929176900632624
2023-04-04,Buy,17492.504996627973,17623.47906364342,5,524.7751498988391,34.98500999325595,17.492504996627975,-446.278597873277,-45.95609049501161,-0.01552821393294628,-0.0015990370323136563
2023-04-05,Sell,17542.681641522577,17560.763442774958,1,526.2804492456772,35.085363283045155,17.542681641522577,455.57060306872813,409.6145125737165,0.015851528215165084,0.014252491182851428
2023-04-06,Buy,17560.763442774958,17699.919944478625,5,526.8229032832487,35.12152688554992,17.56076344277496,-440.34869190790715,-30.734179334190628,-0.015321883517660121,-0.0010693923348086935
2023-04-07,Sell,17528.507455044703,17546.57723532012,1,525.855223651341,35.05701491008941,17.528507455044704,455.1999210107885,424.4657416765979,0.01583863037438979,0.014769238039581096
2023-04-10,Sell,17546.57723532012,17623.47906364342,1,526.3973170596037,35.09315447064024,17.54657723532012,396.8557570303452,821.3214987069431,0.013808551709751518,0.028577789749332616
2023-04-11,Buy,17623.47906364342,17614.380167904805,5,528.7043719093026,35.24695812728684,17.62347906364342,-572.4759133616185,248.8455853453246,-0.01991923542043183,0.008658554328900787
2023-04-12,Buy,17621.68776168792,17599.429800381513,5,528.6506328506376,35.243375523375846,17.621687761687923,-559.2577348292933,-310.41214948396873,-0.019459310375780445,-0.010800756046879658
2023-04-13,Sell,17699.919944478625,17568.932689274137,1,530.9975983343587,35.39983988895725,17.699919944478626,346.9105832964357,36.49843381246694,0.012070714971995746,0.0012699589251160878
2023-04-14,Sell,17568.932689274137,17610.027814492896,1,527.0679806782241,35.13786537854828,17.56893268927414,433.2660573916429,469.76449120410985,0.01507544404128476,0.01634540296640085
2023-04-17,Sell,17610.027814492896,17614.380167904805,1,528.3008344347869,35.22005562898579,17.610027814492895,471.1183975793997,940.8828887835095,0.016392511987404487,0.03273791495380533
2023-04-18,Sell,17614.380167904805,17599.429800381513,1,528.4314050371441,35.22876033580961,17.614380167904805,460.6378970101379,1401.5207857936475,0.01602784414149072,0.048765759095296055
2023-04-19,Buy,17599.429800381513,17585.40612989903,5,527.9828940114454,35.19885960076303,17.599429800381515,-566.757512930108,834.7632728635396,-0.01972026431655657,0.029045494778739484
2023-04-21,Buy,17504.639393478243,17519.06793884069,5,525.1391818043472,35.009278786956486,17.504639393478243,-563.224554622335,271.5387182412046,-0.019597335427112363,0.009448159351627121
2023-04-24,Sell,17493.655799086366,17511.511427661953,1,524.809673972591,34.98731159817273,17.493655799086365,454.4730779997443,726.0117962409489,0.01581333995305893,0.02526149930468605
2023-04-25,Sell,17511.511427661953,17585.40612989903,1,525.3453428298586,35.02302285532391,17.511511427661954,398.91610630979517,1124.927902550744,0.013880241332647071,0.039141740637333125
2023-04-27,Buy,17559.492618985347,17529.699737841198,5,526.7847785695603,35.1189852379707,17.55949261898535,-549.6703752823676,575.2575272683764,-0.0191257192719135,0.020016021365419624
2023-05-02,Sell,17539.750192546566,17556.187748029548,1,526.192505776397,35.079500385093134,17.539750192546567,457.1356997157751,1032.3932269841516,0.015905985578070003,0.035922006943489626
2023-05-03,Sell,17556.187748029548,17529.699737841198,1,526.6856324408864,35.112375496059094,17.556187748029547,447.5290590084477,1479.9222859925994,0.015571723588381915,0.05149373053187154
2023-05-04,Sell,17529.699737841198,17555.363109496866,1,525.8909921352359,35.0593994756824,17.5296997378412,447.6385212660443,1927.5608072586438,0.015575532315400516,0.06706926284727206
2023-05-08,Buy,17560.216986964268,17464.382319403943,5,526.806509608928,35.120433973928534,17.560216986964267,-483.6524930094965,1443.9083142491472,-0.016828634436973026,0.05024062841029904
2023-05-09,Sell,17608.64923649091,17573.546581797043,1,528.2594770947272,35.217298472981824,17.608649236490912,440.330874691388,1884.2391889405353,0.015321263569602747,0.06556189197990178
2023-05-10,Sell,17573.546581797043,17557.163474467157,1,527.2063974539113,35.147093163594086,17.573546581797043,458.1026503786341,2342.3418393191696,0.015939630518309197,0.08150152249821098
2023-05-12,Sell,17537.558066810547,17464.382319403943,1,526.1267420043164,35.075116133621094,17.537558066810547,400.3383203972812,2742.680159716451,0.013929727112861888,0.09543124961107287
2023-05-18,Buy,17492.49676969829,17331.717020501324,5,524.7749030909487,34.98499353939658,17.49249676969829,-416.4726442030785,2326.2075155133725,-0.01449111910636947,0.0809401305047034
2023-05-19,Buy,17480.76741302953,17323.65273491802,5,524.4230223908859,34.961534826059065,17.480767413029533,-419.75064651846503,1906.4568689949074,-0.014605176830554732,0.06633495367414867
2023-05-22,Buy,17409.99887592701,17343.85527775875,5,522.2999662778102,34.81999775185402,17.40999887592701,-508.3863647373323,1398.070504257575,-0.01768924673926619,0.04864570693488248
2023-05-23,Sell,17388.966609788742,17371.830883962404,1,521.6689982936623,34.777933219577484,17.388966609788742,452.3663726379582,1850.4368768955333,0.01574003737545966,0.06438574431034214
2023-05-26,Sell,17323.65273491802,17343.85527775875,1,519.7095820475406,34.64730546983604,17.32365273491802,447.5360810020578,2297.972957897591,0.01557196791786474,0.07995771222820687
2023-05-31,Sell,17446.893463460867,17459.770982997004,1,523.406803903826,34.893786926921734,17.446893463460867,458.1886039773057,2756.161561874897,0.01594262126416804,0.09590033349237491
2023-06-02,Buy,17456.0486872087,17475.340000553544,5,523.6814606162609,34.9120973744174,17.4560486872087,-556.7582933330415,2199.4032685418556,-0.019372342588278114,0.07652799090409679
2023-06-06,Buy,17358.784432671284,17488.68177918496,5,520.7635329801385,34.71756886534257,17.358784432671285,-442.94253976447544,1756.4607287773802,-0.015412136163917973,0.06111585474017882
2023-06-07,Sell,17361.795943168338,17484.9580487926,1,520.8538782950501,34.72359188633668,17.36179594316834,345.60638484128305,2102.0671136186634,0.012025335532517497,0.07314119027269632
2023-06-08,Sell,17484.9580487926,17475.340000553544,1,524.548741463778,34.9699160975852,17.4849580487926,462.4758190783447,2564.542932697008,0.016091794434431508,0.08923298470712783
2023-06-09,Sell,17475.340000553544,17490.417367670223,1,524.2602000166063,34.95068000110709,17.475340000553544,456.7568128982667,3021.2997455952745,0.015892802253602546,0.10512578696073038
2023-06-12,Sell,17490.417367670223,17488.68177918496,1,524.7125210301067,34.980834735340444,17.490417367670222,470.50568044183376,3491.805426037108,0.01637119256308558,0.12149697952381597
2023-06-13,Sell,17488.68177918496,17430.247877303987,1,524.6604533755489,34.97736355836992,17.48868177918496,413.7605061570207,3905.565932194129,0.014396750566189493,0.13589373009000547
2023-06-14,Buy,17430.247877303987,17589.207609823297,5,522.9074363191196,34.860495754607975,17.430247877303987,-416.2384474317217,3489.327484762407,-0.014482970255886018,0.12141075983411945
2023-06-15,Sell,17487.38901802974,17524.985669664075,1,524.6216705408922,34.974778036059476,17.487389018029738,434.56285185246696,3923.890336614874,0.015120565859607882,0.13653132569372733
2023-06-19,Sell,17564.53726701623,17519.06789427649,1,526.9361180104869,35.129074534032455,17.564537267016227,428.7731334696993,4352.663470084573,0.01491911325558976,0.1514504389493171
2023-06-20,Sell,17519.06789427649,17589.207609823297,1,525.5720368282947,35.03813578855298,17.51906789427649,402.8751175986577,4755.5385876832315,0.014017994687948827,0.1654684336372659
2023-06-22,Buy,17519.11505668368,17585.121558181905,5,525.5734517005104,35.03823011336736,17.51911505668368,-512.1242953723367,4243.414292310895,-0.017819307617926886,0.14764912601933902
2023-06-27,Sell,17608.45387640766,17580.13898992752,1,528.2536162922298,35.216907752815324,17.608453876407662,447.1133681828663,4690.527660493761,0.015557259672567105,0.16320638569190613
2023-06-28,Sell,17580.13898992752,17585.121558181905,1,527.4041696978256,35.16027797985504,17.58013898992752,469.68118447365794,5160.208844967418,0.016342504318025884,0.17954889000993202
2023-06-29,Buy,17585.121558181905,17456.407188508543,5,527.5536467454572,35.170243116363814,17.585121558181907,-451.59464174664095,4708.614203220777,-0.015713185085351765,0.16383570492458024
2023-07-05,Buy,17432.727566976784,17432.666956620633,5,522.9818270093035,34.86545513395357,17.432727566976784,-575.2193993540826,4133.394803866695,-0.02001469470890329,0.14382101021567695
2023-07-07,Sell,17410.435976796853,17487.932697047727,1,522.3130793039055,34.82087195359371,17.410435976796855,392.5850511226407,4525.979854989336,0.013659952975024913,0.15748096319070187
2023-07-12,Sell,17432.666956620633,17473.342817489116,1,522.9800086986189,34.865333913241265,17.432666956620633,430.0061469602739,4955.98600194961,0.01496201582218178,0.17244297901288366
2023-07-14,Sell,17411.79960166742,17423.172598397625,1,522.3539880500225,34.82359920333484,17.41179960166742,458.7455925148142,5414.731594464424,0.015962001618076666,0.18840498063096034
2023-07-17,Sell,17423.172598397625,17488.52973611175,1,522.6951779519287,34.84634519679525,17.423172598397624,405.06852244261245,5819.800116907037,0.014094313964339852,0.2024992945953002
2023-07-24,Buy,17469.472550611586,17395.073138873267,5,524.0841765183476,34.938945101223176,17.469472550611588,-502.09318243186334,5317.7069344751735,-0.01747027616432927,0.18502901843097092
2023-07-25,Sell,17407.625015067682,17341.60218441347,1,522.2287504520305,34.81525003013537,17.407625015067683,403.9830447526152,5721.689979227789,0.014056544889439013,0.19908556332040994
2023-07-27,Buy,17367.699262694314,17390.006998127243,5,521.0309778808294,34.735398525388625,17.367699262694313,-550.8263402359834,5170.863638991806,-0.019165940943273667,0.17991962237713627
2023-07-31,Sell,17395.073138873267,17412.395549348115,1,521.852194166198,34.79014627774654,17.39507313887327,452.3445642747304,5623.208203266536,0.015739278555898642,0.1956589009330349
2023-08-02,Buy,17378.394313269193,17485.923422493684,5,521.3518293980758,34.75678862653839,17.378394313269194,-465.9579031133918,5157.250300153144,-0.016212953159242375,0.17944594777379252
2023-08-04,Sell,17404.660621792176,17368.94305089086,1,522.1398186537652,34.80932124358435,17.404660621792175,434.2082658870715,5591.458566040215,0.01510822808057362,0.19455417585436616
2023-08-08,Sell,17462.231776448094,17485.923422493684,1,523.8669532934427,34.92446355289619,17.462231776448096,447.78861191850797,6039.247177958723,0.015580754702877527,0.2101349305572437
2023-08-09,Sell,17485.923422493684,17426.35824763355,1,524.5777026748106,34.97184684498737,17.485923422493684,412.55475754719555,6451.801935505919,0.014354796678075786,0.2244897272353195
2023-08-11,Sell,17459.185928065242,17410.451844553878,1,523.7755778419572,34.918371856130484,17.459185928065242,422.6639365463969,6874.465872052316,0.014706544431461487,0.23919627166678098
2023-08-15,Sell,17449.806074741,17507.73585369137,1,523.4941822422301,34.899612149482,17.449806074741,413.21498506763817,7287.6808571199535,0.014377769220856703,0.2535740408876377
2023-08-16,Sell,17507.73585369137,17466.701737773787,1,525.232075610741,35.015471707382744,17.507735853691372,431.6747521320828,7719.355609252037,0.015020074752636756,0.26859411564027447
2023-08-18,Buy,17514.870544236,17621.49603369723,5,525.44611632708,35.029741088472,17.514870544236,-471.3652384985595,7247.990370753477,-0.01640110078959752,0.25219301485067697
2023-08-21,Sell,17535.509590582828,17576.61259858255,1,526.0652877174848,35.07101918116565,17.535509590582826,432.3557509460146,7680.346121699491,0.015043770030253046,0.26723678488093
2023-08-23,Buy,17671.45224771525,17532.374712496978,5,530.1435674314574,35.3429044954305,17.67145224771525,-444.0803889563314,7236.26573274316,-0.015451727499372481,0.25178505738155754
2023-08-24,Buy,17659.182841915106,17549.432311237808,5,529.7754852574532,35.318365683830216,17.659182841915108,-473.00250310590025,6763.263229637259,-0.016458069228614727,0.2353269881529428
2023-08-28,Sell,17577.020312215955,17536.22979796768,1,527.3106093664786,35.15404062443191,17.577020312215954,433.78903418155664,7197.052263818816,0.015093640960237284,0.2504206291131801
2023-08-29,Buy,17536.22979796768,17605.276108250007,5,526.0868939390303,35.07245959593536,17.53622979796768,-509.6492730506065,6687.40299076821,-0.017733189492872732,0.23268743962030736
2023-09-01,Sell,17563.26685120431,17604.62601365611,1,526.8980055361293,35.12653370240862,17.56326685120431,432.8490425307151,7120.252033298925,0.015060934055808058,0.2477483736761154
2023-09-04,Buy,17604.62601365611,17832.011796163704,5,528.1387804096832,35.209252027312225,17.604626013656112,-353.56687594305777,6766.685157355867,-0.012302319930668656,0.23544605374544675
2023-09-05,Sell,17605.276108250007,17677.952812107873,1,528.1582832475002,35.21055221650001,17.605276108250006,402.6657510648847,7169.350908420752,0.014010709802806855,0.2494567635482536
2023-09-07,Sell,17664.719970445974,17800.728428775456,1,529.9415991133792,35.32943994089195,17.664719970445976,340.9389808725602,7510.289889293312,0.01186293373309625,0.26131969728134985
2023-09-08,Buy,17800.728428775456,17748.559774935704,5,534.0218528632637,35.601456857550914,17.800728428775457,-535.2553843098384,6975.034504983473,-0.018624151272171596,0.24269554600917825
2023-09-12,Buy,17789.15391834289,17807.921680868985,5,533.6746175502867,35.57830783668578,17.78915391834289,-568.2743167792205,6406.760188204253,-0.01977304133695499,0.22292250467222327
2023-09-13,Sell,17735.609293439837,17759.732914201995,1,532.0682788031951,35.47121858687967,17.735609293439836,454.7378301607169,6861.4980183649695,0.01582255197490892,0.2387450566471322
2023-09-14,Sell,17759.732914201995,17748.559774935704,1,532.7919874260598,35.519465828403995,17.759732914201997,468.3396494171624,7329.837667782132,0.01629582575567698,0.2550408824028092
2023-09-18,Sell,17784.259799640306,17807.921680868985,1,533.5277939892092,35.56851959928061,17.784259799640306,456.51313336160854,7786.35080114374,0.015884323451360313,0.2709252058541695
2023-09-19,Sell,17807.921680868985,17804.28023523614,1,534.2376504260695,35.61584336173797,17.807921680868986,477.17243975061683,8263.523240894356,0.016603161708098536,0.2875283675622681
2023-09-25,Buy,17663.872440495077,17683.035043761163,5,529.9161732148523,35.32774488099015,17.663872440495076,-563.7451872702514,7699.778053624104,-0.0196154507819061,0.267912916780362
2023-09-26,Sell,17706.69238021125,17717.39706741776,1,531.2007714063375,35.4133847604225,17.70669238021125,467.3760070591926,8167.154060683297,0.016262295927536637,0.28417521270789864
2023-09-27,Sell,17717.39706741776,17655.11012848216,1,531.5219120225329,35.43479413483552,17.71739706741776,416.0827818846777,8583.236842567974,0.014477553890575184,0.29865276659847384
2023-09-28,Sell,17655.11012848216,17663.76917477472,1,529.6533038544648,35.31022025696432,17.65511012848216,468.02892717645864,9051.265769744434,0.016285014210040766,0.3149377808085146
2023-10-03,Sell,17638.842171951106,17646.52842724838,1,529.1652651585332,35.277684343902216,17.638842171951108,468.56248334540555,9519.82825308984,0.016303579237304303,0.3312413600458189
2023-10-04,Sell,17646.52842724838,17649.438863170682,1,529.3958528174514,35.29305685449676,17.64652842724838,473.54583161340435,9993.374084703244,0.01647697428330612,0.347718334329125
2023-10-05,Sell,17649.438863170682,17592.29034827915,1,529.4831658951205,35.29887772634137,17.649438863170683,419.3863344140776,10412.760419117321,0.014592500631601323,0.36231083496072636
2023-10-06,Sell,17592.29034827915,17610.179716296563,1,527.7687104483746,35.18458069655831,17.592290348279153,457.1024713861256,10869.862890503447,0.01590482940205374,0.3782156643627801
2023-10-09,Sell,17610.179716296563,17638.218942614978,1,528.3053914888969,35.22035943259313,17.610179716296564,447.4356260215924,11317.29851652504,0.015568472598047185,0.39378413696082726
2023-10-10,Buy,17638.218942614978,17655.038650342307,5,529.1465682784493,35.27643788522996,17.63821894261498,-565.2415173789653,10752.056999146074,-0.019667515420795673,0.37411662154003156
2023-10-11,Buy,17692.37150477374,17680.727947887917,5,530.7711451432122,35.38474300954748,17.69237150477374,-572.2047027717119,10179.852296374362,-0.01990979867826893,0.35420682286176264
2023-10-12,Sell,17745.061607375486,17676.17813897763,1,532.3518482212646,35.49012321475097,17.745061607375487,410.23319500128156,10590.085491375643,0.01427401816876913,0.36848084103053175
2023-10-13,Sell,17676.17813897763,17629.286886981874,1,530.2853441693288,35.35235627795526,17.67617813897763,430.3655577566402,11020.451049132284,0.014974521480670407,0.38345536251120216
2023-10-16,Buy,17629.286886981874,17927.661432270615,5,528.8786066094563,35.25857377396375,17.629286886981873,-283.3919219816604,10737.059127150624,-0.00986059025095711,0.37359477226024507
2023-10-17,Buy,17655.038650342307,17984.439714279644,5,529.6511595102692,35.31007730068461,17.655038650342306,-253.21521152395877,10483.843915626665,-0.008810594983398198,0.36478417727684687
2023-10-18,Sell,17680.727947887917,17706.48033220322,1,530.4218384366375,35.36145589577583,17.680727947887917,451.6272702776706,10935.471185904336,0.015714320391442087,0.38049849766828897
2023-10-19,Buy,17706.48033220322,18064.709365019593,5,531.1944099660966,35.41296066440644,17.70648033220322,-226.08481814633365,10709.386367758003,-0.00786659597815713,0.37263190169013183
2023-10-20,Buy,17899.116906735955,18048.94590278758,5,536.9735072020786,35.79823381347191,17.899116906735955,-440.8418618706634,10268.54450588734,-0.015339043311393177,0.35729285837873864
2023-10-24,Sell,17984.439714279644,18032.139802454305,1,539.5331914283893,35.96887942855929,17.984439714279645,437.8797841108896,10706.42428999823,0.01523597814680993,0.3725288365255486
2023-10-25,Sell,18032.139802454305,18064.709365019593,1,540.9641940736292,36.06427960490861,18.032139802454306,454.29821210097833,11160.722502099208,0.01580725551365593,0.3883360920392045
2023-10-27,Sell,18048.94590278758,18086.89436381224,1,541.4683770836273,36.09789180557516,18.04894590278758,449.3730783506027,11610.095580449812,0.015635886035288243,0.40397197807449275
2023-11-01,Sell,18036.41217274836,18012.143995356906,1,541.0923651824509,36.07282434549673,18.036412172748364,462.7149512727502,12072.810531722562,0.016100115012408312,0.4200720930869011
2023-11-02,Sell,18012.143995356906,18016.237702326223,1,540.3643198607072,36.024287990713816,18.012143995356908,482.2341809053192,12555.044712627881,0.016779284425831317,0.4368513775127324
2023-11-03,Sell,18016.237702326223,18131.970630659896,1,540.4871310697866,36.032475404652445,18.016237702326222,370.7054896291349,12925.750202257017,0.012898656078312231,0.44975003359104465
2023-11-06,Sell,18131.970630659896,18038.60737103031,1,543.9591189197969,36.26394126131979,18.131970630659897,396.1999473982306,13321.950149655248,0.013785732886901193,0.46353576647794587
2023-11-08,Buy,18072.920380549036,17972.462285606758,5,542.1876114164711,36.14584076109807,18.072920380549036,-495.9482776158402,12826.001872039407,-0.01725646488806481,0.44627930158988105
2023-11-14,Sell,18026.349524503225,17972.462285606758,1,540.7904857350967,36.05269904900645,18.026349524503225,432.8241982651206,13258.826070304527,0.01506006960236351,0.46133937119224455
2023-11-16,Sell,17936.69710014376,17970.676987590494,1,538.1009130043128,35.87339420028752,17.93669710014376,450.3109342571473,13709.137004561675,0.015668518626733366,0.4770078898189779
2023-11-17,Sell,17970.676987590494,17934.158656004638,1,539.1203096277148,35.94135397518099,17.970676987590494,448.68994707908763,14157.826951640762,0.015612116559048685,0.4926200063780266
2023-11-20,Sell,17934.158656004638,17944.981585483736,1,538.0247596801391,35.868317312009275,17.934158656004637,473.39935423302717,14631.226305873788,0.016471877619227505,0.5090918839972541
2023-11-24,Buy,18021.8773645649,17971.171245587786,5,540.656320936947,36.0437547291298,18.0218773645649,-544.0158340535261,14087.210471820263,-0.018928970141857644,0.4901629138553965
2023-11-27,Sell,18053.5733156808,17952.31618634792,1,541.6071994704239,36.107146631361594,18.053573315680797,386.18935019050497,14473.399822010768,0.013437415275931513,0.503600329131328
2023-11-29,Buy,17961.638902086394,17951.05775054183,5,538.8491670625917,35.92327780417279,17.961638902086396,-582.152932224287,13891.24688978648,-0.02025594621016892,0.4833443829211591
2023-11-30,Sell,17928.549578847975,17971.171245587786,1,537.8564873654392,35.85709915769595,17.928549578847974,441.4491718890841,14332.696061675564,0.01536017459560577,0.4987045575167649
2023-12-01,Buy,17971.171245587786,17934.330689897546,5,539.1351373676335,35.94234249117557,17.971171245587787,-556.2080954141571,13776.487966261408,-0.01935319851318553,0.4793513590035794
2023-12-04,Sell,17931.54520866615,17925.808386592806,1,537.9463562599844,35.8630904173323,17.93154520866615,478.4148985606418,14254.90286482205,0.016646392923525138,0.49599775192710455
2023-12-05,Sell,17925.808386592806,17951.05775054183,1,537.7742515977842,35.85161677318561,17.925808386592806,458.74746248898185,14713.650327311032,0.015962066683618825,0.5119598186107234
2023-12-06,Sell,17951.05775054183,17994.345510250332,1,538.5317325162549,35.90211550108366,17.95105775054183,441.39079955612686,15155.04112686716,0.015358143536804732,0.5273179621475281
2023-12-08,Buy,17934.330689897546,17969.713698480868,5,538.0299206969264,35.86866137979509,17.934330689897546,-556.4499041832976,14598.591222683863,-0.01936161222228108,0.5079563499252471
2023-12-11,Sell,17917.6056281055,17893.85836254745,1,537.528168843165,35.835211256211,17.9176056281055,460.02808640079894,15058.619309084661,0.016006625849496615,0.5239629757747437
2023-12-13,Sell,17861.191900918766,17949.464612932818,1,535.835757027563,35.72238380183753,17.861191900918765,393.97946931075506,15452.598778395415,0.013708471600027807,0.5376714473747716
2023-12-14,Sell,17949.464612932818,17969.713698480868,1,538.4839383879845,35.898929225865636,17.949464612932818,464.38645900113596,15916.985237396551,0.016158274936994965,0.5538297223117665
2023-12-15,Sell,17969.713698480868,17906.669500764114,1,539.091410954426,35.93942739696173,17.969713698480867,422.1380721422296,16339.123309538782,0.014688247038293757,0.5685179693500603
2023-12-20,Sell,18058.67040796749,18110.29367099504,1,541.7601122390247,36.11734081593498,18.05867040796749,435.96083798757047,16775.08414752635,0.015169208630927479,0.5836871779809878
2023-12-22,Buy,18034.325172697343,18098.9982273112,5,541.0297551809202,36.06865034539469,18.034325172697343,-530.4596760851553,16244.624471441197,-0.018457285140504633,0.5652298928404832
2023-12-26,Sell,18073.45902651336,18038.075553232426,1,542.2037707954007,36.14691805302672,18.07345902651336,452.59992043492696,16697.224391876123,0.015748163644951813,0.580978056485435
2023-12-27,Sell,18038.075553232426,18060.266524639737,1,541.1422665969727,36.07615110646485,18.038075553232424,464.8370685299637,17162.061460406087,0.016173953845186405,0.5971520103306214
2023-12-29,Buy,18098.9982273112,17823.76427928938,5,542.969946819336,36.1979964546224,18.0989982273112,-322.032993479448,16840.02846692664,-0.01120510201485375,0.5859469083157677
2024-01-01,Sell,18052.651703732296,18049.675435929206,1,541.5795511119688,36.10530340746459,18.052651703732295,484.44532819768267,17324.473795124322,0.016856221048731673,0.6028031293644993
2024-01-02,Sell,18049.675435929206,17887.61206892575,1,541.4902630778762,36.09935087185841,18.049675435929206,325.27786976663367,17649.751664890955,0.01131800712259022,0.6141211364870895
2024-01-03,Buy,17887.61206892575,17771.488616489685,5,536.6283620677725,35.7752241378515,17.88761206892575,-474.16774583848365,17175.58391905247,-0.016498613719257104,0.5976225227678325
2024-01-05,Sell,17823.76427928938,17761.375120191136,1,534.7129283786813,35.647528558578756,17.823764279289378,418.8524764425711,17594.436395495042,0.014573925103151456,0.6121964478709839
2024-01-08,Sell,17761.375120191136,17842.99568538772,1,532.8412536057341,35.52275024038227,17.761375120191136,397.9365630485778,17992.37295854362,0.013846158234355454,0.6260426061053393
2024-01-09,Sell,17842.99568538772,17771.488616489685,1,535.2898705616316,35.68599137077544,17.84299568538772,410.2538146074343,18402.626773151052,0.014274735625660584,0.640317341731
2024-01-10,Sell,17771.488616489685,17749.48639215484,1,533.1446584946906,35.54297723297937,17.771488616489684,457.82796831037484,18860.454741461428,0.01593007298644502,0.656247414717445
2024-01-15,Sell,17828.08708547245,17756.293977913476,1,534.8426125641735,35.6561741709449,17.82808708547245,409.56524374878296,19270.019985210212,0.014250776879594597,0.6704981915970396
2024-01-16,Sell,17756.293977913476,17814.452165521223,1,532.6888193374043,35.51258795582695,17.756293977913476,421.2617497959168,19691.28173500613,0.01465775550019936,0.6851559470972389
2024-01-17,Sell,17814.452165521223,17814.963818572203,1,534.4335649656367,35.62890433104245,17.814452165521224,480.47855541809264,20171.760290424223,0.016718197633227544,0.7018741447304665
2024-01-18,Sell,17814.963818572203,17765.888386019808,1,534.4489145571661,35.629927637144405,17.814963818572203,431.92859054905364,20603.688880973277,0.015028907031984024,0.7169030517624505
2024-01-23,Sell,17798.946544511644,17768.935700653703,1,533.9683963353493,35.59789308902329,17.798946544511644,450.5607128438735,21054.249593817152,0.015677209644741036,0.7325802614071916
2024-01-24,Sell,17768.935700653703,17772.425804903203,1,533.0680710196111,35.537871401307406,17.768935700653703,476.2711596681497,21530.520753485303,0.016571801768364147,0.7491520631755557
2024-01-25,Sell,17772.425804903203,17753.160125060116,1,533.1727741470961,35.54485160980641,17.772425804903204,460.58981688929936,21991.110570374603,0.016026171199060007,0.7651782343746157
2024-01-26,Sell,17753.160125060116,17758.835992322678,1,532.5948037518035,35.50632025012023,17.753160125060116,473.65945611406124,22464.770026488666,0.016480927835106792,0.7816591622097225
2024-01-29,Sell,17758.835992322678,17791.94252604873,1,532.7650797696804,35.517671984645354,17.758835992322677,446.38203806666075,22911.15206455533,0.015531813122913673,0.7971909753326362
2024-02-01,Buy,17809.352591914656,17854.276069630545,5,534.2805777574397,35.61870518382931,17.809352591914656,-542.7851578172946,22368.366906738032,-0.01888614889976926,0.7783048264328669
2024-02-05,Buy,17818.399870671343,17812.73498112165,5,534.5519961201403,35.636799741342685,17.818399870671342,-582.3423061824633,21786.024600555567,-0.02026253545587755,0.7580422909769894
2024-02-12,Buy,17812.73498112165,17784.30209592777,5,534.3820494336495,35.6254699622433,17.81273498112165,-559.3873691831336,21226.637231372435,-0.019463820988633234,0.7385784699883562
2024-02-13,Buy,17788.08493438871,17829.282089699434,5,533.6425480316612,35.57616986877742,17.78808493438871,-545.8096475241024,20680.82758384833,-0.018991385681073843,0.7195870843072824
2024-02-14,Sell,17758.6166965415,17801.096801392552,1,532.758500896245,35.517233393082996,17.758616696541498,437.0025459555679,21117.8301298039,0.015205454743243427,0.7347925390505258
2024-02-16,Buy,17818.947575690803,17916.77161378139,5,534.5684272707241,35.637895151381606,17.818947575690803,-490.20123190720835,20627.62889789669,-0.017056497074973767,0.717736041975552
2024-02-20,Sell,17829.282089699434,17844.647065743266,1,534.878462690983,35.65856417939887,17.829282089699436,466.0256403780536,21093.654538274746,0.016215310069795364,0.7339513520453473
2024-02-22,Sell,17885.29017168521,17916.77161378139,1,536.5587051505563,35.77058034337042,17.88529017168521,451.4213925393196,21545.075930814066,0.015707156898546886,0.7496585089438942
2024-02-23,Buy,17916.77161378139,17914.15092505507,5,537.5031484134417,35.833543227562785,17.916771613781393,-588.6327745284644,20956.4431562856,-0.020481411598898124,0.729177097344996
2024-02-26,Buy,17875.321863235287,17920.01729422051,5,536.2596558970586,35.75064372647058,17.87532186323529,-545.1901905015418,20411.25296578406,-0.018969831743209858,0.7102072656017862
2024-02-29,Sell,17915.196004753278,17914.15092505507,1,537.4558801425983,35.830392009506554,17.915196004753277,482.66521243013074,20893.91817821419,0.01679428211956123,0.7270015477213474
2024-03-01,Sell,17914.15092505507,17920.01729422051,1,537.424527751652,35.828301850110144,17.914150925055072,477.81570581104666,21371.733884025238,0.01662554407877407,0.7436270918001214
2024-03-04,Sell,17920.01729422051,17983.90053900993,1,537.6005188266153,35.84003458844102,17.92001729422051,419.9572221545336,21791.691106179773,0.014612364606723013,0.7582394564068444
2024-03-07,Sell,17981.67683862664,17971.567206004944,1,539.4503051587992,35.96335367725328,17.98167683862664,475.39564202122176,22267.086748200996,0.016541338229694908,0.7747807946365394
2024-03-12,Buy,18015.621988442945,18197.99006869648,5,540.4686596532883,36.03124397688589,18.015621988442945,-412.1474453650826,21854.93930283591,-0.014340624296223988,0.7604401703403154
2024-03-13,Buy,18056.892805892345,18182.47673086681,5,541.7067841767703,36.11378561178469,18.056892805892346,-470.2935376199833,21384.64576521593,-0.016363811077310258,0.7440763592630052
2024-03-14,Sell,18097.56828769238,18162.842228050093,1,542.9270486307713,36.19513657538476,18.09756828769238,423.3604034099799,21808.00616862591,0.014730777918136543,0.7588071371811418
2024-03-15,Sell,18162.842228050093,18163.89242013173,1,544.8852668415028,36.325684456100184,18.162842228050092,489.3465480757139,22297.352716701625,0.01702675844658396,0.7758338956277258
2024-03-18,Sell,18163.89242013173,18197.99006869648,1,544.9167726039519,36.32778484026346,18.16389242013173,456.3274467788088,22753.680163480436,0.015877862507465774,0.7917117581351916
2024-03-20,Buy,18182.47673086681,18185.874511132653,5,545.4743019260043,36.36495346173362,18.18247673086681,-596.6239518527601,22157.056211627674,-0.020759463720732136,0.7709522944144594
2024-03-21,Buy,18198.68504849123,18290.493874916927,5,545.9605514547368,36.397370096982456,18.198685048491228,-508.74778017451195,21648.308431453162,-0.01770182214900786,0.7532504722654516
2024-03-26,Sell,18226.78554529433,18185.874511132653,1,546.8035663588298,36.45357109058866,18.22678554529433,451.2121755612708,22099.520607014434,0.015699877217179622,0.7689503494826312
2024-03-27,Sell,18185.874511132653,18290.493874916927,1,545.5762353339796,36.371749022265305,18.185874511132653,386.3992480163082,22485.91985503074,0.013444718647320294,0.7823950681299515
2024-03-29,Sell,18240.193005841946,18179.483575202554,1,547.2057901752584,36.48038601168389,18.240193005841945,431.7757805183406,22917.69563554908,0.015023590024044768,0.7974186581539963
2024-04-01,Sell,18179.483575202554,18237.389118877556,1,545.3845072560766,36.35896715040511,18.179483575202553,432.94051285546675,23350.63614840455,0.015064116755534256,0.8124827749095305
2024-04-03,Sell,18276.972253575703,18308.178244428313,1,548.3091676072711,36.55394450715141,18.276972253575703,462.27225999393414,23812.90840839848,0.016084711618841008,0.8285674865283714
2024-04-09,Sell,18294.120462674888,18297.910690584577,1,548.8236138802466,36.58824092534977,18.294120462674886,490.1510245825331,24303.059432981016,0.01705475011672331,0.8456222366450947
2024-04-10,Buy,18297.910690584577,18248.111570682475,5,548.9373207175373,36.59582138116915,18.297910690584576,-554.0319328871893,23749.027500093827,-0.019277479181286913,0.8263447574638079
2024-04-11,Buy,18264.05260500897,18268.758143396255,5,547.921578150269,36.52810521001794,18.26405260500897,-598.0081975780093,23151.01930251582,-0.020807628396026602,0.8055371290677813
2024-04-12,Buy,18312.808591679855,18240.571915756056,5,549.3842577503956,36.625617183359715,18.312808591679858,-532.0860076016359,22618.933294914183,-0.01851387316384734,0.787023255903934
2024-04-15,Buy,18305.45572260475,18199.460895977736,5,549.1636716781425,36.6109114452095,18.30545572260475,-498.0852122189419,22120.84808269524,-0.017330819288736966,0.769692436615197
2024-04-16,Sell,18264.180862765126,18248.111570682475,1,547.9254258829537,36.52836172553025,18.264180862765127,477.063591212007,22597.91167390725,0.016599374335363484,0.7862918109505606
2024-04-17,Sell,18248.111570682475,18268.758143396255,1,547.4433471204742,36.49622314136495,18.248111570682475,472.0524396946466,23069.964113601894,0.01642501187840767,0.8027168228289683
2024-04-19,Buy,18240.571915756056,18174.994511058296,5,547.2171574726817,36.481143831512114,18.240571915756057,-536.3614685221895,22533.602645079704,-0.01866263734871457,0.7840541854802537
2024-04-24,Buy,18223.89358510777,18043.819602132484,5,546.716807553233,36.44778717021554,18.22389358510777,-421.3145053332707,22112.288139746433,-0.014659591123225162,0.7693945943570286
2024-04-29,Sell,18186.597007926175,18114.19279085131,1,545.5979102377852,36.37319401585235,18.186597007926174,418.63390213914136,22530.922041885577,0.014566319834693421,0.7839609141917221
2024-04-30,Sell,18114.19279085131,18043.819602132484,1,543.4257837255393,36.22838558170262,18.11419279085131,418.7100166341594,22949.632058519735,0.014568968230040343,0.7985298824217625
2024-05-01,Buy,18043.819602132484,18129.421203771748,5,541.3145880639745,36.08763920426497,18.043819602132483,-509.84444523110784,22439.787613288627,-0.0177399804870791,0.7807899019346833
2024-05-03,Sell,17997.22503348427,18012.77041176417,1,539.916751004528,35.99445006696854,17.99722503348427,470.3796976241739,22910.167310912802,0.016366809005026062,0.7971567109397094
2024-05-07,Sell,18086.538222611645,18129.421203771748,1,542.5961466783493,36.173076445223295,18.086538222611647,445.4535508504118,23355.620861763215,0.015499506514000257,0.8126562174537096
2024-05-08,Sell,18129.421203771748,18121.424277273574,1,543.8826361131524,36.2588424075435,18.12942120377175,481.49744600366347,23837.11830776688,0.016753649817272235,0.8294098672709819
2024-05-09,Buy,18121.424277273574,18071.12433791783,5,543.6427283182072,36.24284855454715,18.121424277273576,-547.7070617942842,23289.411245972595,-0.01905740599853297,0.8103524612724489
2024-05-10,Buy,18120.47346687844,18029.762790740213,5,543.6142040063532,36.24094693375688,18.12047346687844,-507.26494826876115,22782.14629770383,-0.017650227178581706,0.7927022340938672
2024-05-13,Sell,18070.34699864655,18069.421341846937,1,542.1104099593965,36.1406939972931,18.07034699864655,486.97371216384425,23269.120009867675,0.016944195886239646,0.8096464299801068
2024-05-14,Buy,18069.421341846937,18132.3670621024,5,542.0826402554081,36.13884268369387,18.069421341846937,-533.3451840254867,22735.77482584219,-0.018557686066778503,0.7910887439133283
2024-05-16,Sell,18071.12433791783,18029.762790740213,1,542.1337301375349,36.14224867583566,18.07112433791783,446.558809946164,23182.333635788353,0.015537963880703396,0.8066267077940317
2024-05-21,Sell,18132.3670621024,18126.929054679556,1,543.9710118630719,36.2647341242048,18.1323670621024,484.1359032539218,23666.469539042275,0.01684545464239759,0.8234721624364293
2024-05-24,Sell,18181.52184037006,18161.46081677577,1,545.4456552111018,36.36304368074012,18.18152184037006,470.84006609570025,24137.309605137976,0.016382827474537957,0.8398549899109673
2024-05-28,Sell,18172.66544086629,18173.29506090538,1,545.1799632259887,36.34533088173258,18.17266544086629,490.0323468643,24627.341952002276,0.01705062073878186,0.8569056106497491
2024-05-29,Sell,18173.29506090538,18178.178865832822,1,545.1988518271614,36.34659012181076,18.17329506090538,485.79516171700345,25113.13711371928,0.016903188355167072,0.8738087990049161
2024-05-30,Buy,18178.178865832822,18286.17452160928,5,545.3453659749847,36.356357731665646,18.178178865832823,-491.8842467960269,24621.252866923252,-0.017115057389921536,0.8566937416149946
2024-05-31,Buy,18139.528376640046,18393.833644484857,5,544.1858512992013,36.279056753280095,18.139528376640047,-344.2991685843103,24276.95369833894,-0.011979851088962212,0.8447138905260323
2024-06-03,Buy,18140.753885352995,18355.466266340456,5,544.2226165605898,36.28150777070599,18.140753885352996,-383.93249722918773,23893.021201109754,-0.013358888329388384,0.8313550021966439
2024-06-04,Buy,18165.653799915268,18399.08229817649,5,544.969613997458,36.33130759983054,18.16565379991527,-366.0380771359813,23526.983123973772,-0.012736253982284371,0.8186187482143595
2024-06-05,Buy,18238.21098030502,18408.24939846341,5,547.1463294091506,36.47642196061004,18.23821098030502,-431.8225441916752,23095.160579782096,-0.015025217160831723,0.8035935310535278
2024-06-06,Sell,18286.17452160928,18393.833644484857,1,548.5852356482783,36.57234904321856,18.28617452160928,386.0675892078717,23481.22816898997,0.013433178616149876,0.8170267096696777
2024-06-07,Buy,18393.833644484857,18477.324630856532,5,551.8150093345457,36.787667288969715,18.393833644484857,-523.5055238963255,22957.722645093643,-0.01821531619235203,0.7988113934773257
2024-06-11,Sell,18399.08229817649,18408.24939846341,1,551.9724689452947,36.79816459635298,18.39908229817649,487.6081217638464,23445.33076685749,0.016966270097364476,0.8157776635746902
2024-06-12,Buy,18408.24939846341,18299.1741202598,5,552.2474819539023,36.81649879692682,18.40824939846341,-498.3969519456818,22946.93381491181,-0.017341666237686085,0.7984359973370041
2024-06-13,Sell,18517.73954512429,18477.324630856532,1,555.5321863537287,37.03547909024858,18.51773954512429,459.56405345059966,23406.497868362407,0.015990479874858868,0.814426477211863
2024-06-17,Buy,18435.338538747492,18242.449425421888,5,553.0601561624247,36.87067707749498,18.43533853874749,-415.47705845306336,22991.020809909343,-0.014456477811473188,0.7999699994003898
2024-06-18,Sell,18405.36890647529,18299.1741202598,1,552.1610671942587,36.810737812950585,18.405368906475292,390.7501742593408,23381.770984168685,0.013596108639648503,0.8135661080400384
2024-06-19,Sell,18299.1741202598,18272.886369175765,1,548.975223607794,36.5983482405196,18.2991741202598,467.78995016298103,23849.560934331665,0.016276699031567,0.8298428070716054
2024-06-20,Sell,18272.886369175765,18234.92973609808,1,548.186591075273,36.54577273835153,18.272886369175765,455.41129889006237,24304.972233221728,0.015845985244073657,0.8456887923156791
2024-06-21,Sell,18234.92973609808,18242.449425421888,1,547.0478920829424,36.46985947219616,18.23492973609808,484.82341355084196,24789.79564677257,0.016869376486336678,0.8625581688020157
2024-06-24,Sell,18242.449425421888,18259.537224210748,1,547.2734827626566,36.48489885084378,18.24244942542189,475.45833569753114,25265.2539824701,0.016543519649154893,0.8791016884511706
2024-06-26,Buy,18353.34576617154,18372.02177529773,3,550.6003729851462,36.70669153234308,18.35334576617154,-586.9844011574713,24678.26958131263,-0.020424056631691247,0.8586776318194794
2024-06-27,Sell,18400.86695808085,18372.02177529773,1,552.0260087424255,36.8017339161617,18.40086695808085,467.9782250850634,25146.247806397692,0.016283250036437585,0.874960881855917
2024-06-28,Sell,18372.02177529773,18372.02177529773,1,551.1606532589319,36.74404355059546,18.37202177529773,496.04458793303866,25642.292394330732,0.017259815994787233,0.8922206978507042
